Campaign,Callout Text
Kehastuudio - LPG & Kehakujundus,Tasuta Konsultatsioon
Kehastuudio - LPG & Kehakujundus,16+ Aastat Kogemust
Kehastuudio - LPG & Kehakujundus,FDA Heakskiidetud
Kehastuudio - LPG & Kehakujundus,Paindlik Järelmaks
Kehastuudio - LPG & Kehakujundus,Kuni 60% Soodustust
Kehastuudio - LPG & Kehakujundus,Veebibroneerimine
Kehastuudio - LPG & Kehakujundus,Tartu mnt 52
Kehastuudio - LPG & Kehakujundus,Professionaalne Meeskond
Kehastuudio - Tselluliit & Nahk,Tasuta Konsultatsioon
Kehastuudio - Tselluliit & Nahk,16+ Aastat Kogemust
Kehastuudio - Tselluliit & Nahk,FDA Heakskiidetud
Kehastuudio - Tselluliit & Nahk,Paindlik Järelmaks
Kehastuudio - Tselluliit & Nahk,Kuni 60% Soodustust
Kehastuudio - Tselluliit & Nahk,Veebibroneerimine
Kehastuudio - Tselluliit & Nahk,Tartu mnt 52
Kehastuudio - Tselluliit & Nahk,Professionaalne Meeskond
