Campaign,Negative Keyword,Match Type
Kehastuudio - LPG & Kehakujundus,tasuta,Broad
Kehastuudio - LPG & Kehakujundus,odav,Broad
Kehastuudio - LPG & Kehakujundus,kodus,Broad
Kehastuudio - LPG & Kehakujundus,ise teha,Broad
Kehastuudio - LPG & Kehakujundus,DIY,Broad
Kehastuudio - LPG & Kehakujundus,töö,Broad
Kehastuudio - LPG & Kehakujundus,tööpakkumine,Broad
Kehastuudio - LPG & Kehakujundus,koolitus,Broad
Kehastuudio - LPG & Kehakujundus,kursus,Broad
Kehastuudio - LPG & Kehakujundus,õppimine,Broad
Kehastuudio - LPG & Kehakujundus,seadme ost,Broad
Kehastuudio - LPG & Kehakujundus,müük,Broad
Kehastuudio - Tselluliit & Nahk,tasuta,Broad
Kehastuudio - Tselluliit & Nahk,odav,Broad
Kehastuudio - Tselluliit & Nahk,kodus,Broad
Kehastuudio - Tselluliit & Nahk,ise teha,Broad
Kehastuudio - Tselluliit & Nahk,DIY,Broad
Kehastuudio - Tselluliit & Nahk,töö,Broad
Kehastuudio - Tselluliit & Nahk,tööpakkumine,Broad
Kehastuudio - Tselluliit & Nahk,koolitus,Broad
Kehastuudio - Tselluliit & Nahk,kursus,Broad
Kehastuudio - Tselluliit & Nahk,õppimine,Broad
Kehastuudio - Tselluliit & Nahk,seadme ost,Broad
Kehastuudio - Tselluliit & Nahk,müük,Broad
