Campaign,Sitelink Text,Description Line 1,Description Line 2,Final URL
Kehastuudio - LPG & Kehakujundus,Krüolipolüüs,Rasva külmutamine,FDA heakskiidetud,https://kehastuudio.ee/kryolipolyys
Kehastuudio - LPG & Kehakujundus,LPG Massaaž,Prantsuse tehnoloogia,Tselluliidi vastu,https://kehastuudio.ee/lpg-massaaz
Kehastuudio - LPG & Kehakujundus,ReShape Therapy,Kehakujundus,4 tehnoloogiat korraga,https://kehastuudio.ee/reshape-therapy
Kehastuudio - LPG & Kehakujundus,Hinnakiri,Läbipaistvad hinnad,Paketid kuni -60%,https://kehastuudio.ee/hinnakiri
Kehastuudio - LPG & Kehakujundus,Broneeri Aeg,Vali sobiv aeg,Lihtne ja kiire,https://kehastuudio.ee/broneeri
Kehastuudio - Tselluliit & Nahk,Krüolipolüüs,Rasva külmutamine,FDA heakskiidetud,https://kehastuudio.ee/kryolipolyys
Kehastuudio - Tselluliit & Nahk,LPG Massaaž,Prantsuse tehnoloogia,Tselluliidi vastu,https://kehastuudio.ee/lpg-massaaz
Kehastuudio - Tselluliit & Nahk,ReShape Therapy,Kehakujundus,4 tehnoloogiat korraga,https://kehastuudio.ee/reshape-therapy
Kehastuudio - Tselluliit & Nahk,Hinnakiri,Läbipaistvad hinnad,Paketid kuni -60%,https://kehastuudio.ee/hinnakiri
Kehastuudio - Tselluliit & Nahk,Broneeri Aeg,Vali sobiv aeg,Lihtne ja kiire,https://kehastuudio.ee/broneeri
